Date                                    , Status                                  , ProjName                                , BoardDefShortName                       , BoardDefName                            , SynthName                               , ImplName                                , SynthInfo                               , SynthWarnings                           , SynthCritWarnings                       , SynthError                              , ImplInfo                                , ImplWarnings                            , ImplCritWarnings                        , ImplError                               , ImplDRCWarnings                         , ImplDRCError                            , ImplTimingWNS                           , ImplTimingFaildEndpoints                , ImplTimingTNS                           ,
2019-12-23T14:43:21                     , Ok                                      , StarterKit                              , 15eg_1eb_sk                             , trenz.biz:te0808_15eg_1e_tebf0808:part0:4.0, synth_1                                 , impl_1                                  , 47                                      , 2                                       , 0                                       , 0                                       , 21                                      , 1                                       , 0                                       , 0                                       , 1                                       ,  0                                      , 7.320                                   , 0                                       , 0.000                                   ,
2019-12-23T14:43:21                     , Ok                                      , StarterKit                              , 15eg_1eb_sk                             , trenz.biz:te0808_15eg_1e_tebf0808:part0:4.0, synth_1                                 , impl_1                                  , 47                                      , 2                                       , 0                                       , 0                                       , 21                                      , 1                                       , 0                                       , 0                                       , 1                                       ,  0                                      , 7.320                                   , 0                                       , 0.000                                   ,
2019-12-23T15:24:13                     , Error                                   , StarterKit                              , 15eg_1eb_sk                             , trenz.biz:te0808_15eg_1e_tebf0808:part0:4.0, synth_1                                 , impl_1                                  , 55                                      , 2                                       , 0                                       , 0                                       , 21                                      , 1                                       , 0                                       , 0                                       , 1                                       ,  0                                      , -1.116                                  , 2                                       , -2.172                                  ,
2019-12-23T15:24:13                     , Error                                   , StarterKit                              , 15eg_1eb_sk                             , trenz.biz:te0808_15eg_1e_tebf0808:part0:4.0, synth_1                                 , impl_1                                  , 55                                      , 2                                       , 0                                       , 0                                       , 21                                      , 1                                       , 0                                       , 0                                       , 1                                       ,  0                                      , -1.116                                  , 2                                       , -2.172                                  ,
2019-12-23T16:24:48                     , Error                                   , StarterKit                              , 15eg_1eb_sk                             , trenz.biz:te0808_15eg_1e_tebf0808:part0:4.0, synth_1                                 , impl_1                                  , 61                                      , 2                                       , 0                                       , 0                                       , 22                                      , 24                                      , 16                                      , 0                                       , 1                                       ,  0                                      , -1.046                                  , 53                                      , -50.338                                 ,
2019-12-24T08:28:22                     , Error                                   , StarterKit                              , 15eg_1eb_sk                             , trenz.biz:te0808_15eg_1e_tebf0808:part0:4.0, synth_1                                 , impl_1                                  , 86                                      , 2                                       , 0                                       , 0                                       , 20                                      , 18                                      , 0                                       , 2                                       , 1                                       ,  1                                      , -2.178                                  , 172                                     , -317.060                                ,
2019-12-24T12:26:27                     , Error                                   , StarterKit                              , 15eg_1eb_sk                             , trenz.biz:te0808_15eg_1e_tebf0808:part0:4.0, synth_1                                 , impl_1                                  , 84                                      , 8                                       , 0                                       , 0                                       , 22                                      , 17                                      , 16                                      , 0                                       , 1                                       ,  0                                      , -2.774                                  , 29                                      , -69.630                                 ,
2019-12-24T12:26:27                     , Error                                   , StarterKit                              , 15eg_1eb_sk                             , trenz.biz:te0808_15eg_1e_tebf0808:part0:4.0, synth_1                                 , impl_1                                  , 84                                      , 8                                       , 0                                       , 0                                       , 22                                      , 17                                      , 16                                      , 0                                       , 1                                       ,  0                                      , -2.774                                  , 29                                      , -69.630                                 ,
2019-12-24T14:47:01                     , Error                                   , StarterKit                              , 15eg_1eb_sk                             , trenz.biz:te0808_15eg_1e_tebf0808:part0:4.0, synth_1                                 , impl_1                                  , 80                                      , 8                                       , 0                                       , 0                                       , 22                                      , 20                                      , 0                                       , 0                                       , 1                                       ,  0                                      , -3.052                                  , 13                                      , -38.779                                 ,
2019-12-24T16:51:35                     , Error                                   , StarterKit                              , 15eg_1eb_sk                             , trenz.biz:te0808_15eg_1e_tebf0808:part0:4.0, synth_1                                 , impl_1                                  , 78                                      , 8                                       , 0                                       , 0                                       , 22                                      , 20                                      , 0                                       , 0                                       , 1                                       ,  0                                      , -3.206                                  , 13                                      , -40.868                                 ,
2019-12-24T16:51:35                     , Error                                   , StarterKit                              , 15eg_1eb_sk                             , trenz.biz:te0808_15eg_1e_tebf0808:part0:4.0, synth_1                                 , impl_1                                  , 78                                      , 8                                       , 0                                       , 0                                       , 22                                      , 20                                      , 0                                       , 0                                       , 1                                       ,  0                                      , -3.206                                  , 13                                      , -40.868                                 ,
2019-12-26T09:19:08                     , Error                                   , StarterKit                              , 15eg_1eb_sk                             , trenz.biz:te0808_15eg_1e_tebf0808:part0:4.0, synth_1                                 , impl_1                                  , 85                                      , 9                                       , 0                                       , 0                                       , 22                                      , 25                                      , 0                                       , 0                                       , 1                                       ,  0                                      , -2.616                                  , 13                                      , -32.492                                 ,
2019-12-26T09:19:08                     , Error                                   , StarterKit                              , 15eg_1eb_sk                             , trenz.biz:te0808_15eg_1e_tebf0808:part0:4.0, synth_1                                 , impl_1                                  , 85                                      , 9                                       , 0                                       , 0                                       , 22                                      , 25                                      , 0                                       , 0                                       , 1                                       ,  0                                      , -2.616                                  , 13                                      , -32.492                                 ,
2019-12-26T09:19:08                     , Error                                   , StarterKit                              , 15eg_1eb_sk                             , trenz.biz:te0808_15eg_1e_tebf0808:part0:4.0, synth_1                                 , impl_1                                  , 85                                      , 9                                       , 0                                       , 0                                       , 22                                      , 25                                      , 0                                       , 0                                       , 1                                       ,  0                                      , -2.616                                  , 13                                      , -32.492                                 ,
2019-12-26T09:19:08                     , Error                                   , StarterKit                              , 15eg_1eb_sk                             , trenz.biz:te0808_15eg_1e_tebf0808:part0:4.0, synth_1                                 , impl_1                                  , 85                                      , 9                                       , 0                                       , 0                                       , 22                                      , 25                                      , 0                                       , 0                                       , 1                                       ,  0                                      , -2.616                                  , 13                                      , -32.492                                 ,
2019-12-30T12:10:00                     , Error                                   , StarterKit                              , 15eg_1eb_sk                             , trenz.biz:te0808_15eg_1e_tebf0808:part0:4.0, synth_1                                 , impl_1                                  , 85                                      , 9                                       , 0                                       , 0                                       , 20                                      , 25                                      , 0                                       , 2                                       , 1                                       ,  1                                      , -3.003                                  , 13                                      , -37.216                                 ,
2019-12-31T10:58:20                     , Error                                   , StarterKit                              , 15eg_1eb_sk                             , trenz.biz:te0808_15eg_1e_tebf0808:part0:4.0, synth_1                                 , impl_1                                  , 80                                      , 12                                      , 0                                       , 0                                       , 20                                      , 12                                      , 1                                       , 3                                       , 999999                                  ,  2                                      , 3.271                                   , 0                                       , 0.000                                   ,
2019-12-31T11:19:18                     , Ok                                      , StarterKit                              , 15eg_1eb_sk                             , trenz.biz:te0808_15eg_1e_tebf0808:part0:4.0, synth_1                                 , impl_1                                  , 76                                      , 11                                      , 0                                       , 0                                       , 21                                      , 1                                       , 1                                       , 0                                       , 999999                                  ,  0                                      , 1.969                                   , 0                                       , 0.000                                   ,
2019-12-31T11:19:18                     , Ok                                      , StarterKit                              , 15eg_1eb_sk                             , trenz.biz:te0808_15eg_1e_tebf0808:part0:4.0, synth_1                                 , impl_1                                  , 76                                      , 11                                      , 0                                       , 0                                       , 21                                      , 1                                       , 1                                       , 0                                       , 999999                                  ,  0                                      , 1.969                                   , 0                                       , 0.000                                   ,
2020-01-08T10:11:24                     , Ok                                      , StarterKit                              , 15eg_1eb_sk                             , trenz.biz:te0808_15eg_1e_tebf0808:part0:4.0, synth_1                                 , impl_1                                  , 76                                      , 11                                      , 0                                       , 0                                       , 21                                      , 1                                       , 1                                       , 0                                       , 999999                                  ,  0                                      , 1.969                                   , 0                                       , 0.000                                   ,
2020-01-08T10:11:24                     , Ok                                      , StarterKit                              , 15eg_1eb_sk                             , trenz.biz:te0808_15eg_1e_tebf0808:part0:4.0, synth_1                                 , impl_1                                  , 76                                      , 11                                      , 0                                       , 0                                       , 21                                      , 1                                       , 1                                       , 0                                       , 999999                                  ,  0                                      , 1.969                                   , 0                                       , 0.000                                   ,
2020-01-08T11:05:34                     , Ok                                      , StarterKit                              , 15eg_1eb_sk                             , trenz.biz:te0808_15eg_1e_tebf0808:part0:4.0, synth_1                                 , impl_1                                  , 78                                      , 11                                      , 0                                       , 0                                       , 21                                      , 1                                       , 1                                       , 0                                       , 999999                                  ,  0                                      , 3.749                                   , 0                                       , 0.000                                   ,
2020-01-08T11:05:34                     , Ok                                      , StarterKit                              , 15eg_1eb_sk                             , trenz.biz:te0808_15eg_1e_tebf0808:part0:4.0, synth_1                                 , impl_1                                  , 78                                      , 11                                      , 0                                       , 0                                       , 21                                      , 1                                       , 1                                       , 0                                       , 999999                                  ,  0                                      , 3.749                                   , 0                                       , 0.000                                   ,
2020-01-08T16:46:16                     , Ok                                      , StarterKit                              , 15eg_1eb_sk                             , trenz.biz:te0808_15eg_1e_tebf0808:part0:4.0, synth_1                                 , impl_1                                  , 76                                      , 11                                      , 0                                       , 0                                       , 21                                      , 1                                       , 1                                       , 0                                       , 999999                                  ,  0                                      , 1.956                                   , 0                                       , 0.000                                   ,
2020-01-08T16:46:16                     , Ok                                      , StarterKit                              , 15eg_1eb_sk                             , trenz.biz:te0808_15eg_1e_tebf0808:part0:4.0, synth_1                                 , impl_1                                  , 76                                      , 11                                      , 0                                       , 0                                       , 21                                      , 1                                       , 1                                       , 0                                       , 999999                                  ,  0                                      , 1.956                                   , 0                                       , 0.000                                   ,
2020-01-09T09:15:40                     , Ok                                      , StarterKit                              , 15eg_1eb_sk                             , trenz.biz:te0808_15eg_1e_tebf0808:part0:4.0, synth_1                                 , impl_1                                  , 80                                      , 12                                      , 0                                       , 0                                       , 22                                      , 11                                      , 1                                       , 0                                       , 999999                                  ,  0                                      , 3.364                                   , 0                                       , 0.000                                   ,
2020-01-09T09:15:40                     , Ok                                      , StarterKit                              , 15eg_1eb_sk                             , trenz.biz:te0808_15eg_1e_tebf0808:part0:4.0, synth_1                                 , impl_1                                  , 80                                      , 12                                      , 0                                       , 0                                       , 22                                      , 11                                      , 1                                       , 0                                       , 999999                                  ,  0                                      , 3.364                                   , 0                                       , 0.000                                   ,
2020-01-09T09:15:40                     , Ok                                      , StarterKit                              , 15eg_1eb_sk                             , trenz.biz:te0808_15eg_1e_tebf0808:part0:4.0, synth_1                                 , impl_1                                  , 80                                      , 12                                      , 0                                       , 0                                       , 22                                      , 11                                      , 1                                       , 0                                       , 999999                                  ,  0                                      , 3.364                                   , 0                                       , 0.000                                   ,
2020-01-09T11:36:26                     , Ok                                      , StarterKit                              , 15eg_1eb_sk                             , trenz.biz:te0808_15eg_1e_tebf0808:part0:4.0, synth_1                                 , impl_1                                  , 82                                      , 7                                       , 0                                       , 0                                       , 22                                      , 11                                      , 0                                       , 0                                       , 1                                       ,  0                                      , 3.048                                   , 0                                       , 0.000                                   ,
2020-01-09T11:36:26                     , Ok                                      , StarterKit                              , 15eg_1eb_sk                             , trenz.biz:te0808_15eg_1e_tebf0808:part0:4.0, synth_1                                 , impl_1                                  , 82                                      , 7                                       , 0                                       , 0                                       , 22                                      , 11                                      , 0                                       , 0                                       , 1                                       ,  0                                      , 3.048                                   , 0                                       , 0.000                                   ,
